Title,Channel,Video ID,URL
What is Artificial Intelligence? Types &amp; Uses #shorts #aritificialintelligence #technology #ai,PanaceaTutor,VZGuI05udzk,https://www.youtube.com/watch?v=VZGuI05udzk
DeepSeek: рдЪреАрди рдХрд╛ AI рдЬрд┐рд╕рдиреЗ Silicon Valley рдХреЛ рд╣рд┐рд▓рд╛ рджрд┐рдпрд╛! ЁЯШ▒ #deepseek #chinanews #donaldtrump,The Study By Manikant Singh,ulDCCSOBiQg,https://www.youtube.com/watch?v=ulDCCSOBiQg
What Is Artificial Intelligence? | Artificial Intelligence (AI) In 10 Minutes | Edureka,edureka!,oV74Najm6Nc,https://www.youtube.com/watch?v=oV74Najm6Nc
How AI is Changing the World!,Dhruv Rathee Shorts,YJVgKF__qrA,https://www.youtube.com/watch?v=YJVgKF__qrA
How Artificial Intelligence Works? Simple Malayalam Explanation | Chat GPT Alexa Gemini Deep Fake,Science 4 Mass,Z02U0zz0Pzg,https://www.youtube.com/watch?v=Z02U0zz0Pzg
new $16K USD Unitree Humanoid AI Robot #robotics #ai,Ai Flux,5g63d7SnvkY,https://www.youtube.com/watch?v=5g63d7SnvkY
Elon Musk Tesla Robots #elonmusk #tesla #science #shorts #ai #artificialintelligence #fyp #robots,Elon Musk_AI Robots,BOliAzWZzNo,https://www.youtube.com/watch?v=BOliAzWZzNo
AI родрпКро┤ро┐ро▓рпНроирпБроЯрпНрокроорпН ро╡ро┐родрпИ рокрпЛроЯрпНроЯродрпБ ропро╛ро░рпБ? | #shorts | #artificialintelligence | #technology,PuthiyathalaimuraiTV,Xfein50OwSI,https://www.youtube.com/watch?v=Xfein50OwSI
Created using AI #ai #aiart #aigenerated #aitechnology #artificialintelligence #graphicdesigner,graphics tutorial pluse,SVssSsTxn4k,https://www.youtube.com/watch?v=SVssSsTxn4k
PAID vs FREE AI Tools | Best Free AI Tools,Be An Entrepreneur - Taresh Singhania,lQZoSWkblsY,https://www.youtube.com/watch?v=lQZoSWkblsY
